schema,table,row_count,column_count,pk
public,TB_MIGRACAO_DADOS,825,10,installed_rank
public,tb_acomp_cidadaos_vinculados,15724,59,co_seq_acomp_cidadaos_vinc
public,tb_dim_dose_imunobiologico,82,7,co_seq_dim_dose_imunobiologico
public,tb_dim_imunobiologico,40,6,co_seq_dim_imunobiologico
public,rl_cds_prontuario_unidade_saud,0,3,co_prontuario|co_ator_papel
public,ta_ad_cidadao,1,24,co_seq_taadcidadao
public,ta_evolucao_subjetivo,198642,6,co_seq_taevolucaosubjetivo
public,tb_acomp_cidadaos_vinc_prcs,867,5,co_seq_acomp_cidad_vinc_prcs
public,tb_ad_sync_entity,0,5,co_seq_ad_sync_entity
public,tb_ad_transmissao_sessao,0,4,co_unico_transmissao_sessao
public,tb_alim_bebida,10,2,co_alim_bebida
public,tb_auditoria_evento,3125068,8,co_seq_auditoria_evento
public,tb_beneficio,7,3,co_beneficio
public,tb_categ_substancia_alergia,4,4,co_seq_cat_substancia_alergia
public,tb_cds_vacinacao,874,12,co_seq_cds_vacinacao
public,tb_cds_visita_dom_desfecho,3,3,co_cds_visita_dom_desfecho
public,tb_cidadao_bolsa_familia,22471,7,co_seq_cidadao_bolsa_familia
public,tb_cnes,1,3,co_seq_cnes
public,tb_cronicidade,3,2,co_cronicidade
public,tb_dado_transp_recebido_online,0,18,co_seq_dado_transp_receb_onlin
public,tb_dim_agrupador_filtro,1542,7,co_seq_dim_agrupador_filtro
public,tb_dim_cidadao_pec_grupo,86890,6,co_seq_dim_cidadao_pec_grupo
public,tb_dim_grau_vulnerabilidade,4,3,co_seq_dim_grau_vulnerabilidad
public,tb_dim_pic,9,4,co_seq_dim_pic
public,tb_dim_tipo_participacao_atend,8,3,co_seq_dim_tp_particip_atend
public,tb_dim_via_administracao,29,5,co_seq_dim_via_administracao
public,tb_dim_zika_tipo_exame,18,4,co_seq_dim_zika_tipo_exame
public,tb_envio_log,0,5,co_seq_envio_log
public,tb_envio_rnds,166999,15,co_seq_envio_rnds
public,tb_fat_cnslddo_ciddo_fai_cid,88121,3,co_seq_fat_cnsldo_cido_fai_cid
public,tb_fat_consolidado_cidadao_fad,239,4,co_seq_fat_conslddo_ciddo_fad
public,tb_fat_consolidado_cidadao_fai,21372,26,co_seq_fat_conslddo_ciddo_fai
public,tb_fat_consolidado_cidadao_fao,10787,4,co_seq_fat_conslddo_ciddo_fao
public,tb_fat_consolidado_cidadao_fci,21303,21,co_seq_fat_conslddo_ciddo_fci
public,tb_fat_consolidado_cidadao_fp,21150,6,co_seq_fat_conslddo_ciddo_fp
public,tb_fat_consolidado_cidadao_fvd,21530,4,co_seq_fat_conslddo_ciddo_fvd
public,tb_forma_farmaceutica,116,4,co_forma_farmaceutica
public,tb_gravidade,3,2,co_gravidade
public,tb_grupo_atendimento,108,5,co_grupo_atendimento
public,tb_unidade_medida_tempo,5,3,co_unidade_medida_tempo
public,tl_cds_visita_domiciliar,1031898,24,co_revisao|co_seq_cds_visita_domiciliar
public,tl_perfil,21,10,co_revisao|co_seq_perfil
public,tb_ad_destino,9,3,co_seq_ad_destino
public,tb_ad_questao,0,7,co_seq_ad_questao
public,tb_ativ_col_grupo,0,5,co_seq_ativ_col_grupo
public,tb_grupo_ativ_col,2,9,co_seq_grupo_ativ_col
public,tb_tipo_escoamento_sanitar,6,2,co_tipo_escmento_sntar
public,tb_unificacao_base,0,9,co_seq_unificacao_base
public,tb_vinculacao_equipes,12,3,co_seq_vinculacao_equipes
public,tb_vinculacao_servico,0,4,co_seq_vinculacao_servico
public,tb_ad_modalidade,5,3,co_seq_ad_modalidade
public,tb_ad_origem,8,4,co_ad_origem
public,tb_ad_tipo_elegivel,4,3,co_ad_tipo_elegivel
public,tb_ad_tipo_inelegivel,5,3,co_ad_tipo_inelegivel
public,tb_videochamada,10,4,co_seq_videochamada
public,tb_agend_compartilhado,6,4,co_seq_agend_compartilhado
public,tb_criador_reserva_unif_base,0,8,co_seq_criadr_reserv_unif_base
public,tb_polo_base,395,25,co_polo_base
public,tb_terra_indigena,810,5,co_terra_indigena
public,tb_tipo_area,2,3,co_tipo_area
public,tb_tipo_terra,2,3,co_tipo_terra
public,rl_atend_obs_responsavel,1932,4,co_seq_atend_obs_responsavel
public,rl_atend_prof_conduta,249878,2,co_atend_prof|tp_cds_conduta
public,rl_atend_prof_odonto_tipo_encm,21437,2,co_atend_prof_odonto|tp_encam_odonto
public,rl_atend_prof_odonto_tipo_frnc,246,2,co_atend_prof_odonto|tp_fornecimento_odonto
public,tb_antecedente_historico,8476,2,co_seq_antecedente_historico
public,tb_assinatura_eletronica_atend,0,5,co_seq_assinatura_eletro_atend
public,tb_status_revisao_atend,4,3,co_status_revisao_atend
public,tb_atend_obs,1852,4,co_seq_atend_obs
public,tb_atend_prof_pre_natal,9588,5,co_atend_prof_pre_natal
public,tb_cirurgias_internacoes,2,6,co_seq_cirurgias_internacoes
public,rl_atend_prof_ad_tipo_inelegvl,0,2,co_atend_prof_ad|tp_ad_inelegivel
public,tb_ad_resposta,0,4,co_seq_ad_resposta
public,rl_ativ_col_lot_env,59,3,co_seq_ativ_col_lot_env
public,rl_ativ_col_pratica_saude,6,3,co_seq_ativ_col_pratica_saude
public,rl_ativ_col_publico_alvo,51,3,co_seq_ativ_col_publico_alvo
public,rl_ativ_col_tema_reuniao,14,3,co_seq_ativ_col_tema_reuniao
public,rl_ativ_col_tema_saude,26,3,co_seq_ativ_col_tema_saude
public,tb_ativ_col_cidadao_particip,0,6,co_seq_cidadao_participante
public,tb_ativ_col_unificacao_base,0,4,co_seq_ativ_col_unif_base
public,tb_atividade_coletiva,26,18,co_seq_atividade_coletiva
public,tb_agendado,11875,21,co_seq_agendado
public,rl_ator_papel_perfil,2226,2,co_ator_papel|co_perfil
public,tb_adm_geral,2,2,co_ator_papel
public,tb_ator_papel,1100,5,co_seq_ator_papel
public,tb_gestor_estadual,0,2,co_ator_papel
public,rl_cds_atend_dom_proced,49565,2,co_cds_atend_domiciliar|co_proced
public,rl_cds_proced_adm_medicamento,0,3,co_cds_proced|co_proced|co_cds_adm_medicamento
public,tb_cds_adm_medicamento,6,2,co_cds_adm_medicamento
public,tb_cds_aleitamento_materno,4,2,co_cds_aleitamento_materno
public,tb_tipo_domicilio,6,2,co_tipo_domicilio
public,tb_tipo_localizacao,3,2,co_tipo_localizacao
public,tb_tipo_material_parede,12,2,co_tipo_material_parede
public,tb_tipo_origem_energia_eletric,5,2,co_tipo_origem_energia_eletric
public,tb_tipo_posse_terra,10,2,co_tipo_posse_terra
public,tb_tipo_situacao_moradia,9,2,co_tipo_situacao_moradia
public,tb_tipo_tratamento_agua,8,2,co_tipo_tratamento_agua
public,rl_cds_atend_individual_exame,10784,3,co_cds_atend_individual|co_exame|st_solicitado_avaliado
public,rl_cds_atend_odonto_proced,17310,3,co_cds_atend_odonto|co_proced
public,rl_cds_atend_odonto_tipo_cnslt,8591,2,co_cds_atend_odonto|tp_consulta_odonto
public,rl_cds_atend_odonto_tipo_encam,13565,2,co_cds_atend_odonto|tp_encam_odonto
public,rl_cds_atend_odonto_tipo_fornc,10061,2,co_cds_atend_odonto|tp_fornecimento_odonto
public,tb_cds_ativ_col_pratica,32,3,co_cds_ativ_col_pratica
public,tb_cds_ativ_col_publico_alvo,18,3,co_cds_ativ_col_publico_alvo
public,tb_cds_ativ_col_tema,7,3,co_cds_ativ_col_tema
public,rl_cds_aval_eleg_ad_tipo_inelg,24,2,co_cds_aval_elegibilidade|tp_ad_inelegivel
public,rl_cds_ficha_ativ_col_pratica,5334,2,co_cds_ficha_ativ_col|co_cds_ativ_col_pratica
public,rl_cds_ficha_ativ_col_pub_alvo,6632,2,co_cds_ativ_col_publico_alvo|co_cds_ficha_ativ_col
public,rl_cds_ficha_ativ_col_tema,660,2,co_cds_ativ_col_tema|co_cds_ficha_ativ_col
public,tb_cds_ativ_col_participante,33412,11,co_seq_cds_ativ_col_participnt
public,tb_cds_cidadao_resposta,8111914,6,co_seq_cds_cidadao_resposta
public,tb_cds_domicilio_familia,108779,10,co_seq_cds_domicilio_familia
public,tb_cds_domicilio_resposta,1516976,6,co_seq_cds_domicilio_resposta
public,rl_atend_prof_pic,0,2,co_atend_prof|co_cds_pic
public,rl_cds_ficha_atend_indivdl_prf,311,2,co_cds_ficha_atend_individual|co_cds_prof
public,rl_proced_cds_proced,16061,2,co_cds_proced|co_proced
public,tb_cds_cad_individual,261897,49,co_seq_cds_cad_individual
public,tb_cds_ficha_atend_individual,6229,8,co_seq_cds_ficha_atend_indivdl
public,tb_cds_pic,8,3,co_cds_pic
public,rl_cds_atend_dom_situacao_pres,122400,2,co_cds_atend_domiciliar|co_cds_situacao_presente
public,rl_cds_ficha_atend_odonto_prof,729,2,co_cds_ficha_atend_odonto|co_cds_prof
public,rl_cds_ficha_ativ_col_prof,3843,2,co_cds_ficha_ativ_col|co_cds_prof
public,tb_cds_ficha_atend_domiciliar,4576,9,co_seq_cds_ficha_atend_dom
public,tb_cds_ficha_atend_odonto,1677,8,co_seq_cds_ficha_atend_odonto
public,tb_cds_ficha_consumo_alimentar,243,15,co_seq_cds_ficha_consumo_alim
public,tb_cds_ficha_proced,4962,15,co_seq_cds_ficha_proced
public,tb_cds_ficha_visita_domiciliar,934506,8,co_seq_cds_ficha_visita_dom
public,tb_cds_prof,710,6,co_seq_cds_prof
public,tb_cds_tipo_situacao_presente,24,3,co_cds_tipo_situacao_presente
public,rl_cds_atend_odont_tip_vig_buc,12866,2,co_cds_atend_odonto|tp_cds_vig_saude_bucal
public,tb_cds_tipo_origem,7,3,co_cds_tipo_origem
public,tb_cds_tipo_vig_saude_bucal,7,3,co_cds_tipo_vig_saude_bucal
public,tb_ficha_zika_tipo_exame,18,3,co_ficha_zika_tipo_exame
public,tb_sessao_sincronizacao,24297,10,co_unico_sessao
public,tb_tipo_atend,9,3,co_tipo_atend
public,rl_cds_visita_dom_motivo,1941203,2,co_cds_visita_domiciliar|co_cds_visita_dom_motivo
public,tb_agenda_fixada_ator_papel,6,3,co_seq_ag_fixada_ator_papel
public,tb_cds_atend_odonto,12803,13,co_seq_cds_atend_odonto
public,tb_cds_ficha_zika_microcefalia,0,26,co_seq_cds_ficha_zica_micrcfl
public,tb_cds_proced,23408,10,co_seq_cds_proced
public,tb_cds_turno,3,3,co_cds_turno
public,tb_cds_visita_dom_motivo,38,3,co_cds_visita_dom_motivo
public,rl_antecedente_ciap,45,3,co_prontuario|co_ciap
public,rl_cds_atend_individual_ciap,44070,2,co_cds_atend_individual|co_ciap
public,tb_adm_municipal,2,6,co_ator_papel
public,tb_cfg_certificado,1,11,co_seq_cfg_certificado
public,tb_ciap_dab,24,2,co_ciap
public,rl_atend_proced,383626,6,co_seq_atend_proced
public,rl_evolucao_plano_ciap,147484,6,co_seq_evolucao_plano_ciap
public,rl_evolucao_subjetivo_ciap,182863,4,co_seq_evolucao_subjetivo_ciap
public,tb_ad_cidadao,1,21,co_seq_ad_cidadao
public,tb_ciap,750,7,co_seq_ciap
public,tb_ciap_capitulo,18,3,co_seq_ciap_capitulo
public,tb_ciap_componente,7,2,co_ciap_componente
public,tb_ciap_ms,726,10,co_ciap
public,rl_evolucao_avaliacao_ciap_cid,250198,6,co_seq_evolucao_aval_ciap_cid
public,rl_proced_cid10,81765,6,co_cid10|co_proced
public,tb_ativ_col_observacao_cidadao,0,4,co_seq_ativ_col_obs_cidadao
public,tb_cidadao_aldeado,0,17,co_seq_cidadao_aldeado
public,tb_cidadao_nucleo_familiar,44186,11,co_seq_cidadao_nucleo_familiar
public,tb_fat_op_acompanhamento_idosa,22542,4,co_seq_fat_op_acomp_idosa
public,tb_problema,9594,8,co_seq_problema
public,tb_requisicao_exame,25002,8,co_seq_requisicao_exame
public,tb_sinan_notificacao,102,9,co_sinan_notificacao
public,tb_dado_transp_recebido,1298798,9,co_seq_dado_transp_recebido
public,tb_dente,52,3,co_parte_bucal
public,tb_dia_semana,7,2,co_dia_semana
public,tb_cfg_agenda_detalhe,3680,6,co_seq_config_agenda_detalhe
public,tb_dado_transp,1842070,14,co_seq_dado_transp
public,tb_dim_aleitamento,5,4,co_seq_dim_aleitamento
public,tb_evolucao_dente,70338,8,co_seq_evolucao_dente
public,tb_dim_ciap,681,5,co_seq_dim_ciap
public,tb_dim_cid,3829,6,co_seq_dim_cid
public,tb_dim_classificacao_risc_enc,5,6,co_seq_dim_classific_risc_enc
public,tb_dim_conduta_ad,7,3,co_seq_dim_conduta_ad
public,tb_dim_conduta_cuidado,14,3,co_seq_dim_conduta_cuidado
public,tb_dim_cuidador,9,4,co_seq_dim_cuidador
public,tb_dim_desfecho_visita,4,4,co_seq_dim_desfecho_visita
public,tb_dim_dose_frequencia,5,5,co_seq_dim_dose_frequencia
public,tb_dim_dsei,1,4,co_seq_dim_dsei
public,tb_dim_duracao_tratamento_med,5,6,co_seq_dim_duracao_trat_med
public,tb_dim_dose_frequencia_medida,4,5,co_seq_dim_dose_frequencia_med
public,tb_dim_especialidade,60,5,co_seq_dim_especialidade
public,tb_dim_etnia,406,4,co_seq_dim_etnia
public,tb_dim_grupo_atendimento,34,3,co_seq_dim_grupo_atendimento
public,tb_dim_catmat,1167,7,co_seq_dim_catmat
public,tb_dim_cbo,590,5,co_seq_dim_cbo
public,tb_dim_faixa_etaria,22,6,co_seq_dim_faixa_etaria
public,tb_dim_forma_farmaceutica,73,5,co_seq_dim_forma_farmaceutica
public,tb_dim_frequencia_alimentacao,4,4,co_seq_dim_frequencia_aliment
public,tb_dim_grupo_cbo,191,5,co_seq_dim_grupo_cbo
public,tb_dim_inep,35,4,co_seq_dim_inep
public,tb_dim_local_atendimento,20,5,co_seq_dim_local_atendimento
public,tb_dim_modalidade_ad,5,4,co_seq_dim_modalidade_ad
public,tb_dim_nacionalidade,4,5,co_seq_dim_nacionalidade
public,tb_dim_aldeia,1,5,co_seq_dim_aldeia
public,tb_dim_pais,347,5,co_seq_dim_pais
public,tb_dim_polo_base,1,5,co_seq_dim_polo_base
public,tb_dim_povo_comunidad_trad,4,3,co_seq_dim_povo_comunidad_trad
public,tb_dim_prioridade_cuidado,5,3,co_seq_dim_prioridade_cuidado
public,tb_dim_procedencia_origem,6,4,co_seq_dim_procedencia_origem
public,tb_dim_procedimento,1045,7,co_seq_dim_procedimento
public,tb_fat_ivcf,74,28,co_seq_fat_ivcf
public,tb_dim_profissional,482,5,co_seq_dim_profissional
public,tb_dim_raca_cor,6,5,co_seq_dim_raca_cor
public,tb_dim_racionalidade_saude,7,4,co_seq_dim_racionalidade_saude
public,tb_dado_rel_processamento,2072,12,co_seq_dado_rel_processamento
public,tb_dim_sexo,4,5,co_seq_dim_sexo
public,tb_dim_situacao_problema,3,3,co_seq_dim_situacao
public,tb_dim_situacao_trabalho,11,5,co_seq_dim_situacao_trabalho
public,tb_dim_tempo_morador_rua,5,4,co_seq_dim_tempo_morador_rua
public,tb_dim_tipo_abastecimento_agua,10,4,co_seq_dim_tipo_abastec_agua
public,tb_dim_tipo_acesso_domicilio,5,4,co_seq_dim_tipo_acesso_domicil
public,tb_dim_tipo_atendimento,11,6,co_seq_dim_tipo_atendimento
public,tb_dim_tipo_atividade,8,6,co_seq_dim_tipo_atividade
public,tb_dim_tipo_condicao_peso,4,4,co_seq_dim_tipo_condicao_peso
public,tb_dim_tipo_destino_lixo,7,4,co_seq_dim_tipo_destino_lixo
public,tb_dim_tipo_domicilio,7,4,co_seq_dim_tipo_domicilio
public,tb_dim_tipo_elegibilidade,4,4,co_seq_dim_tipo_elegibilidade
public,tb_dim_tipo_endereco,4,4,co_seq_dim_tipo_endereco
public,tb_dim_tipo_escoamento_sanitar,7,4,co_seq_dim_tipo_escoamento_snt
public,tb_dim_tipo_escolaridade,16,5,co_seq_dim_tipo_escolaridade
public,tb_dim_tipo_imovel,14,5,co_seq_dim_tipo_imovel
public,tb_dim_tipo_localizacao,4,4,co_seq_dim_tipo_localizacao
public,tb_dim_tipo_ficha,16,5,co_seq_dim_tipo_ficha
public,tb_dim_tipo_glicemia,5,5,co_seq_dim_tipo_glicemia
public,tb_dim_tipo_logradouro,282,4,co_seq_dim_tipo_logradouro
public,tb_dim_tipo_material_parede,13,4,co_seq_dim_tipo_material_pared
public,tb_dim_tipo_orientacao_sexual,9,4,co_seq_dim_tipo_orientacao_sxl
public,tb_dim_tipo_parentesco,11,5,co_seq_dim_tipo_parentesco
public,tb_dim_tipo_posse_terra,11,4,co_seq_dim_tipo_posse_terra
public,tb_dim_tipo_renda_familiar,9,4,co_seq_dim_tipo_renda_familiar
public,tb_dim_tipo_saida_cadastro,3,4,co_seq_dim_tipo_saida_cadastro
public,tb_dim_tipo_situacao_moradia,10,4,co_seq_dim_tipo_situacao_morad
public,tb_dim_tipo_tratamento_agua,9,4,co_seq_dim_tipo_tratament_agua
public,tb_dim_tipo_origem,8,3,co_seq_dim_tipo_origem
public,tb_dim_tipo_origem_energ_elet,6,4,co_seq_dim_tp_org_energia_elet
public,tb_dim_municipio,565,6,co_seq_dim_municipio
public,tb_dim_turno,4,4,co_seq_dim_turno
public,tb_dim_uf,28,6,co_seq_dim_uf
public,tb_fat_solicitacao_oci,0,19,co_seq_fat_oci
public,tb_dim_unidade_saude,23,6,co_seq_dim_unidade_saude
public,tb_dim_equipe,22,5,co_seq_dim_equipe
public,tb_dim_estrategia_vacinacao,15,4,co_seq_dim_estrategia_vacnacao
public,tb_dim_identidade_genero,9,4,co_seq_dim_identidade_genero
public,tb_dim_vinculacao_equipes,12,3,co_seq_dim_vinculacao_equipes
public,rl_calendario_vacnl_grupo_alvo,273,7,co_calendario_vacnl_grupo_alvo
public,tb_calendario_vacinal,66,6,co_calendario_vacinal
public,tb_dim_tempo,42370,6,co_seq_dim_tempo
public,tb_dose_imunobiologico,82,6,co_dose_imunobiologico
public,tb_faixa_etaria_vacinacao,225,10,co_faixa_etaria_vacinacao
public,tb_fat_cidadao_pec,27691,15,co_seq_fat_cidadao_pec
public,tb_fat_vacinacao,33546,33,co_seq_fat_vacinacao
public,tb_fat_vacinacao_vacina,66685,29,co_seq_fat_vacinacao_vacina
public,tb_grupo_alvo_vacinacao,10,3,co_grupo_alvo_vacinacao
public,tb_imunobiologico,102,7,co_imunobiologico
public,tb_regra_vacinal_estrategia,1605,9,co_regra_vacinal_estrategia
public,tb_fat_rel_op_gestante,3999,16,co_seq_fat_rel_op_gestante
public,rl_aldeia_localidade,7877,3,co_seq_aldeia_localidade
public,rl_arquivo_atendprof,31,6,co_seq_arquivo_atendprof
public,rl_atend_tipo_servico,295591,2,co_atend|tp_servico
public,rl_beneficio_cidadao_aldeado,0,3,co_seq_beneficio_cidadao
public,rl_cds_atend_individual_condut,43647,2,co_cds_atend_individual|tp_cds_conduta
public,rl_cds_atend_individual_nasf,8831,2,co_cds_atend_individual|tp_cds_atend_nasf
public,rl_cds_aval_eleg_cds_situc_prs,429,2,co_cds_aval_elegibilidade|tp_cds_situacao_presente
public,rl_ciap_cid10,3546,2,co_ciap|co_cid10
public,rl_credencial_integ_localidade,0,3,co_seq_credencl_integ_local
public,rl_credencial_integ_recurso,0,3,co_seq_credencl_integ_recurso
public,rl_evol_aval_tp_vig_saude_bucl,21428,2,co_evolucao_avaliacao|co_tipo_vig_saude_bucal
public,rl_evolucao_odonto_parte_bucal,18819,2,co_evolucao_odonto|co_parte_bucal
public,rl_evolucao_odonto_proced,21740,2,co_evolucao_odonto|co_proced
public,rl_grupo_ativ_col_cidadao,0,4,co_seq_grp_ativ_col_cidadao
public,rl_grupo_ativ_col_prof,0,4,co_seq_grp_ativ_col_prof
public,rl_grupo_condicao_ciap_cid,1343,4,co_seq_grupo_ciap_cid
public,rl_historico_cabecalho,98,2,co_ficha_concatenada
public,rl_inscrito_topico_notificacao,25,4,co_seq_inscrito_topico_noti
public,rl_lote_credencial_integracao,0,3,co_seq_lote_credencial_integrc
public,rl_manifest_alergiaevolucao,7,2,co_manifestacao_alergia|co_alergia_evolucao
public,rl_perfil_cbo_padrao,397,5,co_cbo|no_perfil_padrao
public,rl_proced_atributo_complem,8819,4,co_proced|co_atributo_complem
public,rl_proced_cbo,196246,5,co_cbo|co_proced
public,rl_proced_exame_detalhe,1,3,co_seq_proced_exame_detalhe
public,rl_proced_grupo_exame,49,3,co_seq_proced_grupo_exame
public,rl_proced_tipo_registro,7185,4,co_proced|tp_registro
public,rl_prof_municipio,186,2,co_ator_papel|co_localidade
public,rl_qst_associacao_opcao_pergnt,6,2,co_qst_associacao_pergunta|co_qst_opcao_pergunta
public,rl_qst_resposta_opcao_pergunta,849,2,co_qst_resposta|co_qst_opcao_pergunta
public,rl_recurso_acao,361,3,co_recurso|nu_acao|nu_obrigacao
public,rl_respostamca_opcaomca,16548,3,co_seq_respostamca_opcaomca
public,rl_situacaoface_evolucaodente,52538,3,co_seq_stface_evodente
public,rl_situacaoraiz_evolucaodente,22088,3,co_seq_straiz_evodente
public,rl_tecido_mole_lesao,17,3,co_seq_rl_tecido_mole_lesao
public,rl_tipo_atend_proced_automatic,125,2,co_proced_automatico|tp_atend
public,rl_tipo_consulta_odnt_prc_auto,78,2,co_proced_automatico|tp_consulta_odonto
public,rl_tipo_encam_odonto_procd_aut,20,2,co_proced_automatico|tp_encam_odonto
public,rl_tipo_servico_padrao,87,3,co_seq_rl_tipo_servico_padrao
public,rl_unidade_medida_dose,10,3,co_seq_unidade_medida_dose
public,rl_unidade_saude_complexidade,44,2,co_complexidade|co_ator_papel
public,rl_unidade_saude_horus,0,3,co_seq_unidade_saude_horus
public,rl_unidade_saude_tipo_servico,231,2,co_ator_papel|tp_servico
public,rl_via_adm_local_apl_vacina,42,2,co_via_adm_vacina|co_local_apl_vacina
public,spring_session,0,7,primary_id
public,spring_session_attributes,0,3,session_primary_id|attribute_name
public,ta_ad_cidadao_historico,0,9,co_seq_taadcidadaohistorico
public,ta_adm_geral,1,5,co_seq_taadmgeral
public,ta_adm_municipal,4,9,co_seq_taadmmunicipal
public,ta_agend_compartilhado,6,11,co_seq_taagendcompartilhado
public,ta_agendado,37706,24,co_seq_taagendado
public,ta_aldeia_localidade,0,6,co_seq_taaldeialocalidade
public,ta_alergia,50,10,co_seq_taalergia
public,ta_alergia_evolucao,25,14,co_seq_taalergiaevolucao
public,ta_animais_domicilio,3505,15,co_seq_taanimaisdomicilio
public,ta_antecedente,15478,35,co_seq_taantecedente
public,ta_antecedente_ciap,43,6,co_seq_taantecedenteciap
public,ta_antecedente_historico,8130,5,co_seq_taantecedentehistorico
public,ta_antecedente_item,13010,8,co_seq_taantecedenteitem
public,ta_arquivo,81,12,co_seq_taarquivo
public,ta_arquivo_atendprof,31,9,co_seq_taarquivoatendprof
public,ta_atend,1169289,25,co_seq_taatend
public,ta_atend_obs,3579,7,co_seq_taatendobs
public,ta_atend_obs_plano_cuidado,5888,7,co_seq_taatendobsplanocuidado
public,ta_atend_obs_responsavel,2007,7,co_seq_taatendobsresponsavel
public,ta_atend_proced,275208,9,co_seq_taatendproced
public,ta_atend_prof,1064709,30,co_seq_taatendprof
public,ta_atend_prof_conduta,187299,5,co_seq_taatendprofconduta
public,ta_atend_prof_obs,4688,5,co_seq_taatendprofobs
public,ta_atend_prof_odonto,26221,6,co_seq_taatendprofodonto
public,ta_atend_prof_odonto_tipo_encm,15117,5,co_seq_taatendprofodontotipncm
public,ta_atend_prof_odonto_tipo_frnc,196,5,co_seq_taatendprofodontotpfrnc
public,ta_atend_prof_pre_natal,5863,8,co_seq_taatendprofprenatal
public,ta_atend_prof_puericultura,3316,5,co_seq_taatendprofpuericultura
public,ta_atend_prof_tipo_encam_intrn,0,9,co_seq_taatendproftipoencmntrn
public,ta_atend_tipo_servico,546266,5,co_seq_taatendtiposervico
public,ta_atestado,4560,14,co_seq_taatestado
public,ta_atestado_modelo,4,7,co_seq_taatestadomodelo
public,ta_ativ_col_cidadao_particip,0,9,co_seq_taativcolcidadaoparticp
public,ta_ativ_col_lot_env,65,6,co_seq_taativcollotenv
public,ta_ativ_col_observacao_cidadao,0,7,co_seq_taativcolobservacaocidd
public,ta_ativ_col_pratica_saude,10,6,co_seq_taativcolpraticasaude
public,ta_ativ_col_publico_alvo,57,6,co_seq_taativcolpublicoalvo
public,ta_ativ_col_registro_particip,253,12,co_seq_taativcolregistropartcp
public,ta_ativ_col_tema_reuniao,14,6,co_seq_taativcoltemareuniao
public,ta_ativ_col_tema_saude,32,6,co_seq_taativcoltemasaude
public,ta_ativacao_agendamento_online,2,7,co_seq_taativacaoagendamentnln
public,ta_atividade_coletiva,56,21,co_seq_taatividadecoletiva
public,ta_ator_papel,32740,8,co_seq_taatorpapel
public,ta_ator_papel_perfil,2197,5,co_seq_taatorpapelperfil
public,ta_beneficio_cidadao_aldeado,0,6,co_seq_tabeneficiocidadaoalded
public,ta_cbo_atend,1,8,co_seq_tacboatend
public,ta_cds_domicilio,388671,64,co_seq_tacdsdomicilio
public,ta_cfg_agenda,232,6,co_seq_tacfgagenda
public,ta_cfg_agenda_detalhe,2794,9,co_seq_tacfgagendadetalhe
public,ta_cfg_agenda_municipal,1,6,co_seq_tacfgagendamunicipal
public,ta_cfg_agenda_online_detalhe,453,10,co_seq_tacfgagendaonlinedetalh
public,ta_cfg_certificado,1,14,co_seq_tacfgcertificado
public,ta_cidadao,284245,85,co_seq_tacidadao
public,ta_cidadao_aldeado,0,20,co_seq_tacidadaoaldeado
public,ta_cidadao_grupo,164614,12,co_seq_tacidadaogrupo
public,ta_cidadao_unificacao_base,0,9,co_seq_tacidadaounificacaobase
public,ta_cidadao_vinculacao_equipe,127335,18,co_seq_tacidadaovinculacaoequp
public,ta_cirurgias_internacoes,0,9,co_seq_tacirurgiasinternacoes
public,ta_compartilhamento_prontuario,1,8,co_seq_tacompartilhamentoprntr
public,ta_config_agenda_fechamento,3,12,co_seq_taconfigagendafechament
public,ta_config_atencao_domiciliar,0,6,co_seq_taconfigatencaodomicilr
public,ta_config_atend_domiciliar,0,8,co_seq_taconfigatenddomiciliar
public,ta_config_sistema,2386,9,co_seq_taconfigsistema
public,ta_credencial_integ_localidade,0,6,co_seq_tacredencialinteglocldd
public,ta_credencial_integ_recurso,0,6,co_seq_tacredencialintegrecurs
public,ta_credencial_integracao,0,15,co_seq_tacredencialintegracao
public,ta_cuidado_compartilhado,49,24,co_seq_tacuidadocompartilhado
public,ta_cuidado_compartilhado_evol,64,23,co_seq_tacuidadocompartilhadvl
public,ta_encaminhamento,6930,13,co_seq_taencaminhamento
public,ta_equipe,1640,13,co_seq_taequipe
public,ta_equipe_unificacao_base,0,8,co_seq_taequipeunificacaobase
public,ta_estagio,0,13,co_seq_taestagio
public,ta_evol_aval_tp_vig_saude_bucl,15043,5,co_seq_taevolavaltpvigsaudebcl
public,ta_evolucao_avaliacao,156499,6,co_seq_taevolucaoavaliacao
public,ta_evolucao_avaliacao_ciap_cid,173254,9,co_seq_taevolucaoavaliacaocpcd
public,ta_evolucao_dente,50526,11,co_seq_taevolucaodente
public,ta_evolucao_objetivo,183071,6,co_seq_taevolucaoobjetivo
public,ta_evolucao_odonto,16240,11,co_seq_taevolucaoodonto
public,ta_evolucao_odonto_parte_bucal,14904,5,co_seq_taevolucaoodontopartbcl
public,ta_evolucao_odonto_proced,17949,5,co_seq_taevolucaoodontoproced
public,ta_evolucao_plano,181625,5,co_seq_taevolucaoplano
public,ta_evolucao_plano_ciap,104313,9,co_seq_taevolucaoplanociap
public,ta_evolucao_subjetivo_ciap,121378,7,co_seq_taevolucaosubjetivociap
public,ta_exame_clearance_creatina,21,6,co_seq_taexameclearancecreatin
public,ta_exame_colesterol_hdl,1382,6,co_seq_taexamecolesterolhdl
public,ta_exame_colesterol_ldl,1358,6,co_seq_taexamecolesterolldl
public,ta_exame_colesterol_total,2530,6,co_seq_taexamecolesteroltotal
public,ta_exame_creatina_serica,2026,6,co_seq_taexamecreatinaserica
public,ta_exame_hemoglobina_glicada,1771,6,co_seq_taexamehemoglobinaglicd
public,ta_exame_prenatal,1525,8,co_seq_taexameprenatal
public,ta_exame_puericultura,78,6,co_seq_taexamepuericultura
public,ta_exame_requisitado,128864,17,co_seq_taexamerequisitado
public,ta_exame_triglicerideos,2428,6,co_seq_taexametriglicerideos
public,ta_gestor_estadual,0,5,co_seq_tagestorestadual
public,ta_gestor_municipal,9,5,co_seq_tagestormunicipal
public,ta_grupo_exame,0,9,co_seq_tagrupoexame
public,ta_guia_encaminhamento,0,11,co_seq_taguiaencaminhamento
public,ta_imunobiologico_lote,908,12,co_seq_taimunobiologicolote
public,ta_integracao_horus,0,8,co_seq_taintegracaohorus
public,ta_ivcf,109,21,co_seq_taivcf
public,ta_ivcf_aplicacao,2438,7,co_seq_taivcfaplicacao
public,ta_justificativa_agenda,376,11,co_seq_tajustificativaagenda
public,ta_justificativa_status_ciddao,0,10,co_seq_tajustificativastatscdd
public,ta_lembrete,104,8,co_seq_talembrete
public,ta_lembrete_evolucao,52,10,co_seq_talembreteevolucao
public,ta_lista_espera,0,17,co_seq_talistaespera
public,ta_lotacao,31878,17,co_seq_talotacao
public,ta_manifest_alergiaevolucao,7,5,co_seq_tamanifestalergiaevoluc
public,ta_marcador_consumo_alimentar,1119,5,co_seq_tamarcadorconsumoalmntr
public,ta_medicamento,7486,9,co_seq_tamedicamento
public,ta_medicamento_catmat,146881,13,co_seq_tamedicamentocatmat
public,ta_medicamento_uso_continuo,23351,7,co_seq_tamedicamentousocontinu
public,ta_medicao,105546,31,co_seq_tamedicao
public,ta_modelo_personalizado,8,9,co_seq_tamodelopersonalizado
public,ta_neuro_alter_fenot,1020,8,co_seq_taneuroalterfenot
public,ta_neuro_alter_fenot_evolucao,988,8,co_seq_taneuroalterfenotevoluc
public,ta_neuro_fator_risco,1202,8,co_seq_taneurofatorrisco
public,ta_neuro_fator_risco_evolucao,1162,8,co_seq_taneurofatorriscoevoluc
public,ta_neuro_marco,22634,8,co_seq_taneuromarco
public,ta_neuro_marco_evolucao,22384,10,co_seq_taneuromarcoevolucao
public,ta_nodo,9,9,co_seq_tanodo
public,ta_odontograma,13190,10,co_seq_taodontograma
public,ta_orientacao,794,7,co_seq_taorientacao
public,ta_pedido_envio_base,0,12,co_seq_tapedidoenviobase
public,ta_perfil,14,11,co_seq_taperfil
public,ta_perfil_recurso,1588,6,co_seq_taperfilrecurso
public,ta_periodo_ausencia,0,7,co_seq_taperiodoausencia
public,ta_periograma_completo,0,26,co_seq_taperiogramacompleto
public,ta_periograma_simplificado,65,13,co_seq_taperiogramasimplificad
public,ta_pre_natal,3216,12,co_seq_taprenatal
public,ta_problema,32508,11,co_seq_taproblema
public,ta_problema_evolucao,22354,14,co_seq_taproblemaevolucao
public,ta_proced_grupo_exame,0,6,co_seq_taprocedgrupoexame
public,ta_prof,5352,29,co_seq_taprof
public,ta_prof_historico_cns,677,6,co_seq_taprofhistoricocns
public,ta_prof_municipio,0,5,co_seq_taprofmunicipio
public,ta_prontuario,17807,8,co_seq_taprontuario
public,ta_prontuario_grupo_historico,9380,7,co_seq_taprontuariogrupohistrc
public,ta_prontuario_unidade_saude,0,7,co_seq_taprontuariounidadesaud
public,ta_rascunho_atend_prof,0,6,co_seq_tarascunhoatendprof
public,ta_receita_medicamento,154404,34,co_seq_tareceitamedicamento
public,ta_registro_vacinacao,47648,25,co_seq_taregistrovacinacao
public,ta_requisicao_exame,19047,11,co_seq_tarequisicaoexame
public,ta_resposta_mca,15578,6,co_seq_tarespostamca
public,ta_respostamca_opcaomca,16548,6,co_seq_tarespostamcaopcaomca
public,ta_retificacao_atend,91,14,co_seq_taretificacaoatend
public,ta_servidor_smtp,0,12,co_seq_taservidorsmtp
public,ta_sinan_notificacao_evolucao,20,7,co_seq_tasinannotificacaoevolc
public,ta_sistema_externo,0,14,co_seq_tasistemaexterno
public,ta_situacaoface_evolucaodente,39504,6,co_seq_tasituacaofaceevolucdnt
public,ta_situacaoraiz_evolucaodente,3196,6,co_seq_tasituacaoraizevolucdnt
public,ta_substancia_espec_alergia,25,8,co_seq_tasubstanciaespecalergi
public,ta_tecido_mole,618,10,co_seq_tatecidomole
public,ta_tecido_mole_lesao,17,6,co_seq_tatecidomolelesao
public,ta_territorio_cidadao_erro,2,7,co_seq_taterritoriocidadaoerro
public,ta_territorio_domicilio_erro,0,7,co_seq_taterritoriodomiciliorr
public,ta_tipo_servico,11,8,co_seq_tatiposervico
public,ta_unidade_saude,1787,28,co_seq_taunidadesaude
public,ta_unidade_saude_complexidade,20,5,co_seq_taunidadesaudecomplexdd
public,ta_unidade_saude_horus,0,6,co_seq_taunidadesaudehorus
public,ta_unidade_saude_tipo_servico,124,5,co_seq_taunidadesaudetiposervc
public,ta_unidade_saude_unif_base,0,7,co_seq_taunidadesaudeunifbase
public,ta_unificacao_base,0,12,co_seq_taunificacaobase
public,ta_usuario,111156,21,co_seq_tausuario
public,ta_vacinacao,18529,11,co_seq_tavacinacao
public,ta_videochamada,39,7,co_seq_tavideochamada
public,ta_vinculacao_equipes,12,6,co_seq_tavinculacaoequipes
public,ta_vinculacao_servico,0,7,co_seq_tavinculacaoservico
public,tb_aldeia,7877,12,co_aldeia
public,tb_alergia,25,7,co_seq_alergia
public,tb_alergia_evolucao,25,11,co_seq_alergia_evolucao
public,tb_animais_domicilio,10119,12,co_seq_animais_domicilio
public,tb_antecedente,22032,31,co_prontuario
public,tb_antecedente_item,15339,4,co_seq_antecedente_item
public,tb_antecedente_tipo_item,28,3,co_antecedente_tipo_item
public,tb_aplicacao_medicamento,28,4,co_aplicacao_medicamento
public,tb_arcada,2,1,co_parte_bucal
public,tb_arquivo,32,9,co_seq_arquivo
public,tb_arquivo_temporario,36,7,co_seq_arquivo_temporario
public,tb_atend,276939,22,co_seq_atend
public,tb_atend_obs_plano_cuidado,5890,4,co_seq_atend_obs_plano_cuidado
public,tb_atend_prof,398447,27,co_seq_atend_prof
public,tb_atend_prof_ad,0,17,co_atend_prof_ad
public,tb_atend_prof_ad_qst,0,6,co_seq_atend_prof_ad_qst
public,tb_atend_prof_obs,3503,2,co_atend_prof_obs
public,tb_atend_prof_odonto,21126,3,co_atend_prof_odonto
public,tb_atend_prof_puericultura,4595,2,co_atend_prof_puericultura
public,tb_atend_prof_tipo_encam_intrn,116885,6,co_seq_atend_prof_tipo_enc_int
public,tb_atestado,4724,9,co_seq_atestado
public,tb_atestado_modelo,3,4,co_seq_atestado_modelo
public,tb_ativ_col_registro_particip,215,9,co_seq_registro_participante
public,tb_ativacao_agendamento_online,2,4,co_seq_ativacao_agendamento_on
public,tb_ator,4151,1,co_seq_ator
public,tb_atributo_complem,43,4,co_atributo_complem
public,tb_auditoria_processo,0,8,co_seq_auditoria_processo
public,tb_bairro,74400,5,co_bairro
public,tb_categoria_agente_causador,7,3,co_categoria_agente_causador
public,tb_categoria_arquivo_atendprof,6,2,co_categoria_arquivo_atendprof
public,tb_cbo,2720,5,co_cbo
public,tb_cbo_atend,1,5,co_seq_cbo_atend
public,tb_cds_atend_domiciliar,25265,16,co_seq_cds_atend_domiciliar
public,tb_cds_atend_individual,41472,28,co_seq_cds_atend_individual
public,tb_cds_aval_elegibilidade,122,53,co_seq_cds_aval_elegibilidade
public,tb_cds_cad_domiciliar,109712,47,co_seq_cds_cad_domiciliar
public,tb_cds_domicilio,11245,61,co_seq_cds_domicilio
public,tb_cds_ficha_ativ_col,3058,21,co_seq_cds_ficha_ativ_col
public,tb_cds_ficha_vacinacao,816,11,co_seq_cds_ficha_vacinacao
public,tb_cds_tipo_atend_nasf,3,3,co_cds_tipo_atend_nasf
public,tb_cds_tipo_ativ_col,7,3,co_cds_tipo_ativ_col
public,tb_cds_tipo_conduta,14,3,co_cds_tipo_conduta
public,tb_cds_tipo_cuidador,8,3,co_cds_tipo_cuidador
public,tb_cds_tipo_imovel,14,3,co_cds_tipo_imovel
public,tb_cds_vacina,1184,16,co_seq_cds_vacina
public,tb_cds_visita_domiciliar,978865,22,co_seq_cds_visita_domiciliar
public,tb_cfg_agenda,351,3,co_seq_config_agenda
public,tb_cfg_agenda_municipal,1,3,co_seq_cfg_agenda_municipal
public,tb_cfg_agenda_online_detalhe,86,7,co_seq_cfg_agenda_online_dtlh
public,tb_cid10,14240,8,co_cid10
public,tb_cidadao,32379,80,co_seq_cidadao
public,tb_cidadao_grupo,33181,9,co_seq_cidadao_grupo
public,tb_cidadao_grupo_ativ_col,0,7,co_seq_cidadao_grupo
public,tb_cidadao_unificacao_base,0,6,co_seq_cidadao_unificacao_base
public,tb_cidadao_vinculacao_equipe,28684,15,co_seq_cidadao_vinculacao_eqp
public,tb_classe_imunobiologico,3,3,co_classe_imunobiologico
public,tb_classificacao_prioridade_cc,4,3,co_classificacao_prioridade_cc
public,tb_classificacao_risco,10,4,co_classificacao_risco
public,tb_classificacao_risco_encam,4,3,co_classificacao_risco_encam
public,tb_complexidade,7,3,co_complexidade
public,tb_conduta_cuidado_compartilhd,13,3,co_conduta_cuidado_compartilhd
public,tb_config_agenda_fechamento,2,9,co_seq_config_agenda_fechament
public,tb_config_atencao_domiciliar,1,3,co_seq_config_atencao_domicilr
public,tb_config_atend_domiciliar,0,5,co_seq_config_atend_domiciliar
public,tb_config_sistema,62,6,co_config_sistema
public,tb_conselho_classe,12,5,co_conselho_classe
public,tb_contexto_pergunta,2,2,co_contexto_pergunta
public,tb_credencial_integracao,0,12,co_seq_credencial_integracao
public,tb_criticidade_alergia,3,3,co_criticidade_alergia
public,tb_cuidado_compartilhado,16,21,co_seq_cuidado_compartilhado
public,tb_cuidado_compartilhado_evol,32,19,co_seq_cuidado_compartlhd_evol
public,tb_cuidado_finalizacao_auto,5,5,co_seq_ccfimauto
public,tb_dado_recebido_competencia,95,4,co_seq_dado_recebido_competenc
public,tb_dado_recebido_info_instalac,2023,9,co_seq_dado_recebido_info_inst
public,tb_dim_condicao_maternal,4,4,co_seq_dim_condicao_maternal
public,tb_dim_tipo_consulta_odonto,6,4,co_seq_dim_tipo_cnsulta_odonto
public,tb_dim_tipo_origem_dado_transp,9,3,co_seq_dim_tp_orgm_dado_transp
public,tb_dsei,35,20,co_dsei
public,tb_encaminhamento,8137,10,co_seq_encaminhamento
public,tb_equipe,27,10,co_seq_equipe
public,tb_equipe_unificacao_base,0,5,co_seq_equipe_unificacao_base
public,tb_escolaridade,15,3,co_escolaridade
public,tb_especialidade_sisreg,76,7,co_especialidade_sisreg
public,tb_estado_civil,5,2,co_estado_civil
public,tb_estagio,0,10,co_ator_papel
public,tb_estagio_unificacao_base,0,16,co_seq_estagio_unificacao_base
public,tb_estrategia_vacinacao,15,6,co_estrategia_vacinacao
public,tb_etl_auxiliar_number,3655,2,co_seq_etl_auxiliar_number
public,tb_etnia,406,3,co_etnia
public,tb_evolucao_avaliacao,223896,3,co_atend_prof
public,tb_evolucao_objetivo,287175,3,co_atend_prof
public,tb_evolucao_odonto,18371,7,co_seq_evolucao_odonto
public,tb_evolucao_plano,250566,2,co_atend_prof
public,tb_evolucao_subjetivo,302575,3,co_atend_prof
public,tb_exame_clearance_creatina,22,3,co_seq_exame_clearance_creatn
public,tb_exame_colesterol_hdl,1886,3,co_seq_exame_colesterol_hdl
public,tb_exame_colesterol_ldl,1840,3,co_seq_exame_colesterol_ldl
public,tb_exame_colesterol_total,3660,3,co_seq_exame_colesterol_total
public,tb_exame_creatina_serica,2678,3,co_seq_exame_creatina_sericia
public,tb_exame_detalhe,1,8,co_seq_exame_detalhe
public,tb_exame_detalhe_resultado,0,6,co_seq_exame_detalhe_resultado
public,tb_exame_hemoglobina_glicada,2450,3,co_seq_exame_hemoglobina_glicd
public,tb_exame_prenatal,2473,5,co_seq_exame_prenatal
public,tb_exame_puericultura,129,3,co_seq_exame
public,tb_exame_requisitado,146272,14,co_seq_exame_requisitado
public,tb_exame_triglicerideos,3547,3,co_seq_exame_triglicerideos
public,tb_fai_prenatal,0,17,
public,tb_familia,18073,19,co_seq_familia
public,tb_fat_atd_ind_encaminhamentos,5781,27,co_seq_fat_atd_ind_encaminham
public,tb_fat_atd_ind_exames,17287,29,co_seq_fat_atd_ind_exames
public,tb_fat_atd_ind_medicamentos,142506,37,co_seq_fat_atd_ind_medicam
public,tb_fat_atd_ind_problemas,306196,30,co_seq_fat_atend_ind_problemas
public,tb_fat_atd_ind_procedimentos,182586,28,co_seq_fat_atend_ind_proced
public,tb_fat_atend_dom_prob_cond,22454,28,co_seq_fat_atend_dom_prob_cond
public,tb_fat_atend_dom_proced,49210,20,co_seq_fat_atend_dom_proced
public,tb_fat_atend_odonto_encaminham,1870,25,co_seq_fat_atd_odo_encaminham
public,tb_fat_atend_odonto_exames,9,36,co_seq_fat_atd_odo_exames
public,tb_fat_atend_odonto_medicament,818,37,co_seq_fat_atd_odo_medicam
public,tb_fat_atend_odonto_problemas,27528,30,co_seq_fat_atnd_odonto_probl
public,tb_fat_atend_odonto_proced,85151,28,co_seq_fat_atend_odonto_proced
public,tb_fat_atendimento_domiciliar,25071,55,co_seq_fat_atend_domiciliar
public,tb_fat_atendimento_individual,284566,81,co_seq_fat_atd_ind
public,tb_fat_atendimento_odonto,44651,81,co_seq_fat_atd_odnt
public,tb_fat_atividade_coletiva,3078,27,co_seq_fat_atividade_coletiva
public,tb_fat_atvdd_coletiva_ext,2640,65,co_seq_fat_atvdd_cltv_ext
public,tb_fat_atvdd_coletiva_int,438,40,co_seq_fat_atvdd_cltv_int
public,tb_fat_atvdd_coletiva_part,33604,25,co_seq_fat_atvdd_cltv_part
public,tb_fat_atvdd_coletiva_propart,4451,16,co_seq_fat_atvdd_cltv_propart
public,tb_fat_avaliacao_elegibilidade,122,90,co_seq_fat_avaliacao_elegibldd
public,tb_fat_cad_dom_familia,101628,28,co_seq_fat_cad_dom_familia
public,tb_fat_cad_domiciliar,101124,70,co_seq_fat_cad_domiciliar
public,tb_fat_cad_individual,235405,137,co_seq_fat_cad_individual
public,tb_fat_cidadao,234529,38,co_seq_fat_cidadao
public,tb_fat_cidadao_territorio,34841,17,co_seq_fat_cidadao_territorio
public,tb_fat_complementar,0,31,co_seq_fat_complementar
public,tb_fat_cuidado_compartilhado,32,41,co_seq_fat_cuidado_compartilhd
public,tb_fat_familia,340895,20,co_seq_fat_familia
public,tb_fat_familia_territorio,11563,19,co_seq_fat_familia_territorio
public,tb_fat_fichas,2000461,10,co_seq_fat_fichas
public,tb_fat_marca_consumo_alimnt,1337,63,co_seq_fat_marca_con_almnt
public,tb_fat_proced_atend,390311,40,co_seq_fat_proced_atend
public,tb_fat_proced_atend_proced,543972,23,co_seq_fat_proced_atend_proced
public,tb_fat_procedimento,372033,19,co_seq_fat_procedimento
public,tb_fat_rel_op_crianca,27691,14,co_seq_fat_rel_op_crianca
public,tb_fat_rel_op_risco_cardio,27691,18,co_seq_fat_rel_op_risco_cardio
public,tb_fat_visita_domiciliar,975591,74,co_seq_fat_visita_domiciliar
public,tb_funcao_social,6,3,co_funcao_social
public,tb_gestor_municipal,9,2,co_ator_papel
public,tb_grau_certeza_alergia,5,3,co_seq_grau_certeza_alergia
public,tb_grau_parentesco,10,2,co_grau_parentesco
public,tb_grupo_condicao_saude,21,2,co_seq_grupo_condicao_saude
public,tb_grupo_especialidade,3,3,co_grupo_especialidade
public,tb_grupo_exame,5,6,co_seq_grupo_exame
public,tb_guia_encaminhamento,0,8,co_seq_encaminhamento
public,tb_historico_acesso,56832,7,co_seq_hist_acesso
public,tb_historico_cabecalho,1512379,18,co_seq_historico_cabecalho
public,tb_historico_dados_exames,39559,4,
public,tb_historico_dados_fad,24907,28,
public,tb_historico_dados_fae,121,28,
public,tb_historico_dados_fai,255644,10,
public,tb_historico_dados_fao,27019,4,
public,tb_historico_dados_fcc,32,22,
public,tb_historico_dados_proced,362012,3,
public,tb_historico_dados_tags,398039,15,
public,tb_historico_dados_vacina,18682,6,
public,tb_historico_unificacao,4691,4,co_seq_historico_unificacao
public,tb_importacao_bolsa_familia,1,10,co_seq_importaca_bolsa_familia
public,tb_importacao_cnes,57,17,co_seq_importacao_cnes
public,tb_imunobiologico_fabricante,128,4,co_seq_imunobiologico_fabrcnt
public,tb_imunobiologico_lote,311,9,co_seq_imunobiologico_lote
public,tb_inep,284442,4,co_inep
public,tb_integracao_horus,0,5,co_unidade_saude
public,tb_ivcf,109,18,co_seq_ivcf
public,tb_ivcf_aplicacao,2422,4,co_seq_ivcfaplicacao
public,tb_ivcf_perguntas,24,3,co_seq_ivcfperguntas
public,tb_justificativa_agenda,480,8,co_seq_justificativa_agendamnt
public,tb_justificativa_prontuario,135438,6,co_seq_justificativa_prontuar
public,tb_justificativa_status_ciddao,0,7,co_seq_justifica_inativ_cidada
public,tb_lembrete,53,5,co_seq_lembrete
public,tb_lembrete_evolucao,53,7,co_seq_lembrete_evolucao
public,tb_lista_espera,0,14,co_seq_lista_espera
public,tb_lista_espera_motivo_saida,6,3,co_lista_espera_motivo_saida
public,tb_lista_espera_tipo_atend,4,3,co_lista_espera_tipo_atend
public,tb_lista_medicamento,14,5,co_lista_medicamento
public,tb_local_apl_vacina,21,2,co_local_apl_vacina
public,tb_local_atend,19,6,co_local_atend
public,tb_local_ocorrencia,4,3,co_local_ocorrencia
public,tb_localidade,11412,10,co_localidade
public,tb_logradouro,1337776,17,co_logradouro
public,tb_lotacao,1087,14,co_ator_papel
public,tb_lotacao_env_unificacao_base,0,7,co_seq_lot_env_unif_base
public,tb_lote_transp,4829,9,co_seq_lote_transp
public,tb_lote_transp_historico_exprt,97,5,co_seq_lote_transp_historc_exp
public,tb_lote_transp_item,1848710,3,co_seq_lote_transp_item
public,tb_lote_transp_item_nodo,4770487,6,co_seq_lote_transp_item_nodo
public,tb_lote_transp_nodo,12405,5,co_seq_lote_transp_nodo
public,tb_manifestacao_alergia,28,6,co_seq_manifestacao_alergia
public,tb_marcador_consumo_alimentar,1119,2,co_seq_marcador_consumo_alim
public,tb_mchat,33,6,co_seq_mchat
public,tb_mchat_aplicacao,660,4,co_seq_mchataplicacao
public,tb_mchat_pergunta,20,3,co_mchatpergunta
public,tb_medicamento,11190,6,co_seq_medicamento
public,tb_medicamento_catmat,3348,10,co_medicamento_catmat
public,tb_medicamento_uso_continuo,8043,4,co_seq_medicament_uso_continuo
public,tb_medicao,149389,21,co_seq_medicao
public,tb_migracao,6125,14,
public,tb_migracao_estrutura,3001,11,
public,tb_migracao_trava,1,4,id
public,tb_modelo_personalizado,7,6,co_seq_modelo_personalizado
public,tb_motivo_reserva,4,2,co_motivo_reserva
public,tb_nacionalidade,3,4,co_nacionalidade
public,tb_neuro_alter_fenot,990,5,co_seq_neuro_alter_fenot
public,tb_neuro_alter_fenot_detalhe,8,2,co_neuro_alter_fenot_detalhe
public,tb_neuro_alter_fenot_evolucao,886,5,co_seq_neuro_alter_fenot_evol
public,tb_neuro_faixa_etaria,18,4,co_neuro_faixa_etaria
public,tb_neuro_fator_risco,1117,5,co_seq_neuro_fator_risco
public,tb_neuro_fator_risco_detalhe,10,2,co_neuro_fator_risco_detalhe
public,tb_neuro_fator_risco_evolucao,1017,5,co_seq_neuro_fator_risco_evol
public,tb_neuro_marco,14642,5,co_seq_neuro_marco
public,tb_neuro_marco_detalhe,75,4,co_neuro_marco_detalhe
public,tb_neuro_marco_evolucao,14089,7,co_seq_neuro_marco_evolucao
public,tb_nodo,3,6,co_nodo
public,tb_notificacao_status,25,7,co_seq_notificacao_status
public,tb_odontograma,19389,7,co_seq_odontograma
public,tb_opcoes_result_exm_qlitativo,3,3,co_seq_opcoes_exm_qlitativo
public,tb_orientacao,800,4,co_seq_orientacao
public,tb_origem,4,3,co_origem
public,tb_pais,346,8,co_pais
public,tb_parte_bucal,82,4,co_parte_bucal
public,tb_parte_bucal_cid10,712,3,co_parte_bucal_cid10
public,tb_parte_bucal_proced,2456,5,co_parte_bucal_proced
public,tb_pedido_envio_base,0,9,co_seq_pedido_envio
public,tb_perfil,37,8,co_seq_perfil
public,tb_perfil_recurso,1963,3,co_seq_perfil_recurso
public,tb_pergunta,82,6,co_seq_pergunta
public,tb_pergunta_detalhe,193,5,co_pergunta_detalhe
public,tb_periodo,4,2,co_periodo
public,tb_periodo_ausencia,0,4,co_seq_periodo_ausencia
public,tb_periograma_completo,0,23,co_seq_periograma_completo
public,tb_periograma_simplificado,65,10,co_seq_periograma_simplificado
public,tb_pessoa_fisica_imagem,0,5,co_seq_pessoa_fisica_imagem
public,tb_povo_comunidade_tradicional,39,4,co_povo_comunidade_tradicional
public,tb_pratica_saude,14,3,co_pratica_saude
public,tb_pre_natal,1866,9,co_seq_pre_natal
public,tb_principio_ativo,1488,5,co_principio_ativo
public,tb_problema_evolucao,25850,11,co_seq_problema_evolucao
public,tb_proced,5121,24,co_seq_proced
public,tb_proced_automatico,191,5,co_seq_proced_automatico
public,tb_proced_exame_especifico,16,3,co_proced_exame_especifico
public,tb_proced_filtro,1591,4,co_proced
public,tb_proced_forma_organizacional,409,6,co_proced_forma_organizacional
public,tb_proced_grupo,9,4,co_proced_grupo
public,tb_proced_nome_popular,0,4,co_seq_proced_nome_popular
public,tb_proced_solicitado,0,9,co_seq_proced_solicitado
public,tb_proced_subgrupo,67,5,co_proced_subgrupo
public,tb_processamento_dom_cid,1303900,5,co_seq_processamento_dom_cid
public,tb_processamento_hist_cds,1384491,4,co_seq_processamento_hist_cds
public,tb_processamento_historico,9,2,
public,tb_processo,49,3,co_seq_processo
public,tb_prof,580,25,co_seq_prof
public,tb_prof_grupo_ativ_col,0,8,co_seq_prof_grupo
public,tb_prof_historico_cns,672,3,co_seq_prof_historico_cns
public,tb_prontuario,29929,5,co_seq_prontuario
public,tb_prontuario_grupo_historico,39772,4,co_seq_prontuario_grpo_hstrco
public,tb_prontuario_unidade_saude,0,4,co_seq_prontuario_unidade_saud
public,tb_publico_alvo,17,3,co_publico_alvo
public,tb_qst_associacao_pergunta,3,4,co_qst_associacao_pergunta
public,tb_qst_opcao_pergunta,122,4,co_qst_opcao_pergunta
public,tb_qst_opcao_tipo_pergunta,17,3,co_qst_opcao_tipo_pergunta
public,tb_qst_orientacao_prof,27,2,co_qst_orientacao_prof
public,tb_qst_pergunta,41,3,co_qst_pergunta
public,tb_qst_questionario,3,6,co_qst_questionario
public,tb_qst_questionario_pergunta,41,5,co_qst_questionario_pergunta
public,tb_qst_questionario_respondido,243,4,co_seq_qst_qst_respondido
public,tb_qst_resposta,2638,7,co_seq_qst_resposta
public,tb_qst_tipo_questionario,1,2,co_qst_tipo_questionario
public,tb_qst_tipo_resposta,4,2,co_qst_tipo_resposta
public,tb_raca_cor,6,5,co_raca_cor
public,tb_racionalidade_saude,6,2,co_racionalidade_saude
public,tb_rascunho_atend_prof,0,3,co_seq_rascunho_atend_prof
public,tb_recebimento_item,1402269,8,co_seq_receb_item
public,tb_recebimento_lote,20724,7,co_seq_receb_lote
public,tb_recebimento_validacao_erros,3604,6,co_seq_receb_valid_erro
public,tb_receita_medicamento,157823,31,co_seq_receita_medicamento
public,tb_receita_tipo_frequencia,4,3,co_receita_tipo_frequencia
public,tb_recurso,203,3,co_seq_recurso
public,tb_recurso_credencial_integ,2,2,co_recurso_credencial_integ
public,tb_refresh_token,162,5,co_token
public,tb_registro_vacinacao,83573,22,co_seq_registro_vacinacao
public,tb_regra_vacinal_dose,487,6,co_regra_vacinal_dose
public,tb_regulacao,0,9,co_seq_regulacao
public,tb_regulacao_evolucao,0,7,co_seq_regulacao_evolucao
public,tb_rel_fichas_config,14,4,co_relatorio_ficha
public,tb_relatorio_processamento,1841294,7,co_seq_relatorio_processamento
public,tb_renda_familiar,8,3,co_renda_familiar
public,tb_report_etl_configs,110,2,co_chave
public,tb_resposta_mca,15578,3,co_seq_resposta_mca
public,tb_resultado_exm_qualitativo,0,3,co_seq_resultado_exm_qltativo
public,tb_retificacao_atend,91,11,co_seq_retificacao_atend
public,tb_revisao,1229399,10,co_seq_revisao
public,tb_servidor_smtp,0,9,co_seq_servidor_smtp
public,tb_sexo,6,5,co_sexo
public,tb_sextante,6,2,co_parte_bucal
public,tb_sinan_notificacao_evolucao,22,4,co_seq_sinan_notificacao_evol
public,tb_sistema_externo,0,11,co_seq_sistema_externo
public,tb_situacao_agendado,7,3,co_situacao_agendado
public,tb_situacao_coroa,3,3,co_situacao_coroa
public,tb_situacao_dado_recebido,7,2,co_situacao_dado_recebido
public,tb_situacao_face,23,3,co_situacao_face
public,tb_situacao_localidade,4,3,co_situacao_localidade
public,tb_situacao_lote_transp_nodo,4,2,co_situacao_lote_transp_nodo
public,tb_situacao_problema,3,2,co_situacao_problema
public,tb_situacao_raiz,16,3,co_situacao_raiz
public,tb_status_assinatura,4,3,co_status_assinatura
public,tb_status_atend,8,4,co_status_atend
public,tb_status_atend_prof,2,2,co_status_atend_prof
public,tb_status_cuidado_compartilhad,3,3,co_status_cuidado_compartilhad
public,tb_substancia_cbara,152,6,co_seq_substancia_alergia
public,tb_substancia_espec_alergia,25,5,co_seq_substanc_espec_alergia
public,tb_subtipo_unidade_saude,49,4,co_seq_subtp_unidade_saude
public,tb_tecido_mole,317,7,co_seq_tecido_mole
public,tb_tecido_mole_lesao,34,3,co_lesao
public,tb_tema_reuniao,7,3,co_tema_reuniao
public,tb_tema_saude,18,3,co_tema_saude
public,tb_territorio_cidadao_erro,0,4,co_seq_territorio_cidadao_erro
public,tb_territorio_domicilio_erro,0,4,co_seq_territorio_dom_erro
public,tb_tipo_abastecimento_agua,9,2,co_tipo_abstcmento_agua
public,tb_tipo_acesso_domicilio,4,2,co_tipo_acesso_dom
public,tb_tipo_agendamento,2,3,co_tipo_agendamento
public,tb_tipo_agravo,3,3,co_tipo_agravo
public,tb_tipo_atend_prof,12,2,co_tipo_atend_prof
public,tb_tipo_atividade,7,3,co_tipo_atividade
public,tb_tipo_cfg_agenda,3,2,co_tipo_cfg_agenda
public,tb_tipo_ciap,7,2,co_tipo_ciap
public,tb_tipo_config_atend_domicilir,2,3,co_tipo_config_atend_dom
public,tb_tipo_consulta_odonto,5,3,co_tipo_consulta_odonto
public,tb_tipo_dado_transp,16,2,co_tipo_dado_transp
public,tb_tipo_destino_lixo,6,2,co_tipo_destino_lixo
public,tb_tipo_edema,4,3,co_tipo_edema
public,tb_tipo_encam_interno,3,2,co_tipo_encam_interno
public,tb_tipo_encam_odonto,19,3,co_tipo_encam_odonto
public,tb_tipo_endereco,3,3,co_tipo_endereco
public,tb_tipo_equipe,67,7,co_seq_tipo_equipe
public,tb_tipo_exame,3,4,co_tipo_exame
public,tb_tipo_fornec_odonto,3,3,co_tipo_fornec_odonto
public,tb_tipo_glicemia,4,3,co_tipo_glicemia
public,tb_tipo_gravidez,4,3,co_tipo_gravidez
public,tb_tipo_localidade,4,4,co_tipo_localidade
public,tb_tipo_logradouro,393,7,co_tipo_logradouro
public,tb_tipo_opcao,5,3,co_tipo_opcao
public,tb_tipo_origem_dado_transp,8,2,co_seq_tipo_origem_dado_transp
public,tb_tipo_paridade,5,3,co_tipo_paridade
public,tb_tipo_parte_bucal,6,4,co_tipo_parte_bucal
public,tb_tipo_participacao_atend,7,4,co_tipo_participacao_atend
public,tb_tipo_parto,3,3,co_tipo_parto
public,tb_tipo_pergunta,4,2,co_tipo_pergunta
public,tb_tipo_reacao_alergia,2,4,co_seq_tipo_reacao_alergia
public,tb_tipo_receita,5,3,co_tipo_receita
public,tb_tipo_registro,10,4,co_tipo_registro
public,tb_tipo_registro_vacinacao,2,3,co_tipo_registro_vacinacao
public,tb_tipo_servico,20,5,co_seq_tipo_servico
public,tb_tipo_topico_notificacao,2,2,co_tipo_topico
public,tb_tipo_unidade_saude,37,3,co_seq_tipo_unidade_saude
public,tb_titulo_patente,858,3,co_titulo_patente
public,tb_token_redefinicao_senha,0,3,co_seq_token_redefinicao_senha
public,tb_topico_notificacao,16,5,co_seq_topico_notificacao
public,tb_uf,27,6,co_uf
public,tb_unidade_medida,51,5,co_unidade_medida
public,tb_unidade_saude,25,25,co_seq_unidade_saude
public,tb_unidade_saude_unif_base,0,4,co_seq_unidade_saude_unif_base
public,tb_usuario,580,17,co_seq_usuario
public,tb_vacinacao,47181,6,co_seq_vacinacao
public,tb_via_adm_vacina,6,2,co_via_adm_vacina
public,tb_visibilidade_lembrete,2,3,co_visibilidade_lembrete
public,tb_visita_domiciliar_acs,266515,5,co_seq_visita_domiciliar_acs
public,tl_acesso,11603,7,co_revisao|co_seq_acesso
public,tl_ad_cidadao,16,24,co_revisao|co_seq_ad_cidadao
public,tl_ad_cidadao_historico,6,8,co_revisao|co_seq_ad_cidadao_historico
public,tl_ad_questao,0,9,co_revisao|co_seq_ad_questao
public,tl_ad_resposta,0,6,co_revisao|co_seq_ad_resposta
public,tl_ad_tipo_elegivel,0,5,co_revisao|co_ad_tipo_elegivel
public,tl_ad_tipo_inelegivel,0,5,co_revisao|co_ad_tipo_inelegivel
public,tl_adm_geral,1,5,co_revisao|co_ator_papel
public,tl_adm_municipal,2,7,co_revisao|co_ator_papel
public,tl_adm_municipal_centralizador,0,4,co_revisao|co_ator_papel
public,tl_agendado,4007,22,co_revisao|co_seq_agendado
public,tl_alergia,0,9,co_revisao|co_seq_alergia
public,tl_alergia_evolucao,0,10,co_revisao|co_seq_alergia_evolucao
public,tl_antecedente,10973,35,co_revisao|co_prontuario
public,tl_antecedente_ciap,2,4,co_revisao|co_prontuario|co_ciap
public,tl_antecedente_historico,346,4,co_revisao|co_seq_antecedente_historico
public,tl_antecedente_item,2329,7,co_revisao|co_seq_antecedente_item
public,tl_antecedente_tipo_item,0,5,co_revisao|co_antecedente_tipo_item
public,tl_aplicacao_medicamento,5064,6,co_revisao|co_aplicacao_medicamento
public,tl_arcada,0,3,co_revisao|co_parte_bucal
public,tl_atend,361012,24,co_revisao|co_seq_atend
public,tl_atend_proced,108423,8,co_revisao|co_seq_atend_proced
public,tl_atend_prof,251171,24,co_revisao|co_seq_atend_prof
public,tl_atend_prof_ad,0,19,co_revisao|co_atend_prof_ad
public,tl_atend_prof_ad_qst,0,8,co_revisao|co_seq_atend_prof_ad_qst
public,tl_atend_prof_ad_tipo_inelegvl,0,4,co_revisao|co_atend_prof_ad|tp_ad_inelegivel
public,tl_atend_prof_conduta,62929,4,co_revisao|co_atend_prof|tp_cds_conduta
public,tl_atend_prof_odonto,6199,5,co_revisao|co_atend_prof_odonto
public,tl_atend_prof_odonto_tipo_encm,6320,4,co_revisao|co_atend_prof_odonto|tp_encam_odonto
public,tl_atend_prof_odonto_tipo_frnc,50,4,co_revisao|co_atend_prof_odonto|tp_fornecimento_odonto
public,tl_atend_prof_pic,0,4,co_revisao|co_atend_prof|co_cds_pic
public,tl_atend_prof_pre_natal,3725,7,co_revisao|co_atend_prof_pre_natal
public,tl_atend_prof_puericultura,1279,4,co_revisao|co_atend_prof_puericultura
public,tl_atend_prof_tipo_encam_intrn,116886,8,co_revisao|co_seq_atend_prof_tipo_enc_int
public,tl_atend_tipo_servico,140401,4,co_revisao|co_atend|tp_servico
public,tl_atestado,164,8,co_revisao|co_seq_atestado
public,tl_ativ_col_grupo,0,7,co_seq_ativ_col_grupo|co_revisao
public,tl_ator,4402,3,co_revisao|co_seq_ator
public,tl_ator_papel,12039,7,co_revisao|co_seq_ator_papel
public,tl_ator_papel_perfil,2055,4,co_revisao|co_ator_papel|co_perfil
public,tl_atributo_complem,0,6,co_revisao|co_atributo_complem
public,tl_bairro,0,7,co_revisao|co_bairro
public,tl_cbo_atend,0,7,co_revisao|co_seq_cbo_atend
public,tl_cds_aleitamento_materno,0,4,co_revisao|co_cds_aleitamento_materno
public,tl_cds_atend_dom_proced,469699,4,co_revisao|co_cds_atend_domiciliar|co_proced
public,tl_cds_atend_dom_situacao_pres,1165040,4,co_revisao|co_cds_atend_domiciliar|co_cds_situacao_presente
public,tl_cds_atend_domiciliar,243476,18,co_revisao|co_seq_cds_atend_domiciliar
public,tl_cds_atend_individual,86672,30,co_revisao|co_seq_cds_atend_individual
public,tl_cds_atend_individual_ciap,99788,4,co_revisao|co_cds_atend_individual|co_ciap
public,tl_cds_atend_individual_condut,90642,4,co_revisao|co_cds_atend_individual|tp_cds_conduta
public,tl_cds_atend_individual_nasf,19925,4,co_revisao|co_cds_atend_individual|tp_cds_atend_nasf
public,tl_cds_atend_odont_tip_vig_buc,18063,4,co_revisao|co_cds_atend_odonto|tp_cds_vig_saude_bucal
public,tl_cds_atend_odonto,18064,15,co_revisao|co_seq_cds_atend_odonto
public,tl_cds_atend_odonto_tipo_cnslt,11140,4,co_revisao|co_cds_atend_odonto|tp_consulta_odonto
public,tl_cds_atend_odonto_tipo_encam,19552,4,co_revisao|co_cds_atend_odonto|tp_encam_odonto
public,tl_cds_atend_odonto_tipo_fornc,13779,4,co_revisao|co_cds_atend_odonto|tp_fornecimento_odonto
public,tl_cds_ativ_col_participante,33581,13,co_revisao|co_seq_cds_ativ_col_participnt
public,tl_cds_ativ_col_pratica,0,5,co_revisao|co_cds_ativ_col_pratica
public,tl_cds_ativ_col_publico_alvo,0,5,co_revisao|co_cds_ativ_col_publico_alvo
public,tl_cds_ativ_col_tema,0,5,co_revisao|co_cds_ativ_col_tema
public,tl_cds_aval_eleg_ad_tipo_inelg,24,4,
public,tl_cds_aval_eleg_cds_situc_prs,437,4,
public,tl_cds_aval_elegibilidade,129,55,co_revisao|co_seq_cds_aval_elegibilidade
public,tl_cds_cad_domiciliar,110504,49,co_revisao|co_seq_cds_cad_domiciliar
public,tl_cds_cad_individual,264555,51,co_revisao|co_seq_cds_cad_individual
public,tl_cds_cidadao_resposta,8139798,8,co_revisao|co_seq_cds_cidadao_resposta
public,tl_cds_domicilio,62486,32,co_revisao|co_seq_cds_domicilio
public,tl_cds_domicilio_familia,109074,12,co_revisao|co_seq_cds_domicilio_familia
public,tl_cds_domicilio_resposta,1522289,8,co_revisao|co_seq_cds_domicilio_resposta
public,tl_cds_ficha_atend_domiciliar,30402,11,co_revisao|co_seq_cds_ficha_atend_dom
public,tl_cds_ficha_atend_indivdl_prf,323,4,co_revisao|co_cds_ficha_atend_individual|co_cds_prof
public,tl_cds_ficha_atend_individual,11558,10,co_revisao|co_seq_cds_ficha_atend_indivdl
public,tl_cds_ficha_atend_odonto,2088,10,co_revisao|co_seq_cds_ficha_atend_odonto
public,tl_cds_ficha_atend_odonto_prof,732,4,co_revisao|co_cds_ficha_atend_odonto|co_cds_prof
public,tl_cds_ficha_ativ_col,3306,23,co_revisao|co_seq_cds_ficha_ativ_col
public,tl_cds_ficha_ativ_col_pratica,5384,4,co_revisao|co_cds_ficha_ativ_col|co_cds_ativ_col_pratica
public,tl_cds_ficha_ativ_col_prof,3977,4,co_revisao|co_cds_ficha_ativ_col|co_cds_prof
public,tl_cds_ficha_ativ_col_pub_alvo,6662,4,co_revisao|co_cds_ativ_col_publico_alvo|co_cds_ficha_ativ_col
public,tl_cds_ficha_ativ_col_tema,682,4,co_revisao|co_cds_ativ_col_tema|co_cds_ficha_ativ_col
public,tl_cds_ficha_consumo_alimentar,243,17,co_revisao|co_seq_cds_ficha_consumo_alim
public,tl_cds_ficha_proced,13702,17,co_revisao|co_seq_cds_ficha_proced
public,tl_cds_ficha_vacinacao,1467,13,co_revisao|co_seq_cds_ficha_vacinacao
public,tl_cds_ficha_visita_domiciliar,937036,10,co_revisao|co_seq_cds_ficha_visita_dom
public,tl_cds_ficha_zika_microcefalia,0,28,co_revisao|co_seq_cds_ficha_zica_micrcfl
public,tl_cds_pic,0,5,co_revisao|co_cds_pic
public,tl_cds_proced,100090,12,co_revisao|co_seq_cds_proced
public,tl_cds_prof,710,8,co_revisao|co_seq_cds_prof
public,tl_cds_tipo_atend_nasf,0,5,co_revisao|co_cds_tipo_atend_nasf
public,tl_cds_tipo_ativ_col,0,5,co_revisao|co_cds_tipo_ativ_col
public,tl_cds_tipo_conduta,0,5,co_revisao|co_cds_tipo_conduta
public,tl_cds_tipo_cuidador,0,5,co_revisao|co_cds_tipo_cuidador
public,tl_cds_tipo_imovel,0,5,co_revisao|co_cds_tipo_imovel
public,tl_cds_tipo_situacao_presente,0,5,co_revisao|co_cds_tipo_situacao_presente
public,tl_cds_tipo_vig_saude_bucal,0,5,co_revisao|co_cds_tipo_vig_saude_bucal
public,tl_cds_vacina,3152,18,co_revisao|co_seq_cds_vacina
public,tl_cds_vacinacao,2226,16,co_revisao|co_seq_cds_vacinacao
public,tl_cds_visita_dom_desfecho,0,5,co_revisao|co_cds_visita_dom_desfecho
public,tl_cds_visita_dom_motivo,0,5,co_revisao|co_cds_visita_dom_motivo
public,tl_cfg_agenda_online_detalhe,0,9,
public,tl_ciap_cid10,0,4,co_revisao|co_ciap|co_cid10
public,tl_cidadao,39442,84,co_revisao|co_seq_cidadao
public,tl_cidadao_grupo,116985,11,co_seq_cidadao_grupo|co_revisao
public,tl_cidadao_grupo_ativ_col,0,9,co_seq_cidadao_grupo|co_revisao
public,tl_cidadao_nucleo_familiar,223440,13,co_revisao|co_seq_cidadao_nucleo_familiar
public,tl_cidadao_vinculacao_equipe,6728,17,co_seq_cidadao_vinculacao_eqp|co_revisao
public,tl_cns,3938,6,co_revisao|co_seq_cns
public,tl_compartilhamento_prontuario,0,7,co_revisao|co_seq_compartilha_prontuario
public,tl_complexidade,0,5,co_revisao|co_complexidade
public,tl_config_agenda_detalhe,1280,8,co_revisao|co_seq_config_agenda_detalhe
public,tl_config_agenda_fechamento,0,11,co_revisao|co_seq_config_agenda_fechament
public,tl_config_atencao_domiciliar,1,5,co_revisao|co_seq_config_atencao_domicilr
public,tl_config_atend_domiciliar,0,7,co_revisao|co_seq_config_atend_domiciliar
public,tl_configperiodo_diasemana,5,4,
public,tl_configuracao_horario,2,15,co_revisao|co_seq_config_periodo
public,tl_contexto_pergunta,0,4,co_revisao|co_contexto_pergunta
public,tl_dente,0,5,co_revisao|co_parte_bucal
public,tl_encaminhamento,1207,12,co_revisao|co_seq_encaminhamento
public,tl_equipe,68,11,co_revisao|co_seq_equipe
public,tl_evol_aval_tp_vig_saude_bucl,6385,4,co_revisao|co_evolucao_avaliacao|co_tipo_vig_saude_bucal
public,tl_evolucao_avaliacao,67436,5,co_revisao|co_atend_prof
public,tl_evolucao_avaliacao_ciap_cid,76944,8,co_revisao|co_seq_evolucao_aval_ciap_cid
public,tl_evolucao_dente,19812,12,co_revisao|co_seq_evolucao_dente
public,tl_evolucao_objetivo,104237,5,co_revisao|co_atend_prof
public,tl_evolucao_odonto,3467,9,co_revisao|co_seq_evolucao_odonto
public,tl_evolucao_odonto_parte_bucal,3915,4,co_revisao|co_evolucao_odonto|co_parte_bucal
public,tl_evolucao_odonto_proced,3791,4,co_revisao|co_evolucao_odonto|co_proced
public,tl_evolucao_plano,68940,4,co_revisao|co_atend_prof
public,tl_evolucao_plano_ciap,43172,7,co_revisao|co_seq_evolucao_plano_ciap
public,tl_evolucao_subjetivo,104237,5,co_revisao|co_atend_prof
public,tl_evolucao_subjetivo_ciap,61485,6,co_revisao|co_seq_evolucao_subjetivo_ciap
public,tl_exame_clearance_creatina,1,5,
public,tl_exame_colesterol_hdl,489,5,
public,tl_exame_colesterol_ldl,465,5,
public,tl_exame_colesterol_total,1100,5,
public,tl_exame_creatina_serica,635,5,
public,tl_exame_detalhe,0,10,co_revisao|co_seq_exame_detalhe
public,tl_exame_detalhe_resultado,0,8,co_revisao|co_seq_exame_detalhe_resultado
public,tl_exame_hemoglobina_glicada,652,5,co_revisao|co_seq_exame_hemoglobina_glicd
public,tl_exame_prenatal,856,7,co_revisao|co_seq_exame_prenatal
public,tl_exame_puericultura,44,5,co_revisao|co_seq_exame
public,tl_exame_requisitado,48224,15,co_revisao|co_seq_exame_requisitado
public,tl_exame_triglicerideos,1088,5,
public,tl_familia,115745,21,co_revisao|co_seq_familia
public,tl_ficha_zika_tipo_exame,0,5,co_revisao|co_ficha_zika_tipo_exame
public,tl_forma_farmaceutica,0,6,co_revisao|co_forma_farmaceutica
public,tl_gestor_estadual,0,4,co_revisao|co_ator_papel
public,tl_gestor_municipal,0,4,co_revisao|co_ator_papel
public,tl_grupo_ativ_col,2,11,co_seq_grupo_ativ_col|co_revisao
public,tl_grupo_ativ_col_cidadao,0,6,co_seq_grp_ativ_col_cidadao|co_revisao
public,tl_grupo_ativ_col_prof,0,6,co_seq_grp_ativ_col_prof|co_revisao
public,tl_grupo_especialidade,0,5,co_revisao|co_grupo_especialidade
public,tl_imunobiologico_lote,93,11,co_seq_imunobiologico_lote|co_revisao
public,tl_integracao_horus,0,7,co_revisao|co_unidade_saude
public,tl_justificativa_agenda,0,9,co_revisao|co_seq_justificativa_agendamnt
public,tl_justificativa_prontuario,7521,8,co_revisao|co_seq_justificativa_prontuar
public,tl_justificativa_status_ciddao,0,9,co_revisao|co_seq_justifica_inativ_cidada
public,tl_lembrete,1,9,co_revisao|co_seq_lembrete
public,tl_lembrete_evolucao,1,9,co_revisao|co_seq_lembrete_evolucao
public,tl_lista_medicamento,0,6,co_revisao|co_lista_medicamento
public,tl_logradouro,0,19,co_revisao|co_logradouro
public,tl_lotacao,1270,16,co_revisao|co_ator_papel
public,tl_medicamento,8773,7,co_revisao|co_seq_medicamento
public,tl_medicamento_catmat,0,12,co_revisao|co_medicamento_catmat
public,tl_medicamento_uso_continuo,2838,6,co_revisao|co_seq_medicament_uso_continuo
public,tl_medicao,104237,23,co_revisao|co_seq_medicao
public,tl_motivo_reserva,0,4,co_revisao|co_motivo_reserva
public,tl_neuro_alter_fenot,392,7,co_seq_neuro_alter_fenot|co_revisao
public,tl_neuro_alter_fenot_evolucao,392,7,co_seq_neuro_alter_fenot_evol|co_revisao
public,tl_neuro_fator_risco,436,7,co_seq_neuro_fator_risco|co_revisao
public,tl_neuro_fator_risco_evolucao,436,7,co_seq_neuro_fator_risco_evol|co_revisao
public,tl_neuro_marco,2897,7,co_seq_neuro_marco|co_revisao
public,tl_neuro_marco_evolucao,2897,9,co_seq_neuro_marco_evolucao|co_revisao
public,tl_odontograma,6199,7,co_revisao|co_seq_odontograma
public,tl_opcao_rapida_exame,0,8,co_seq_opcao_rapida_exame|co_revisao
public,tl_orientacao,6,7,co_revisao|co_seq_orientacao
public,tl_papel,1055,10,co_revisao|co_seq_papel
public,tl_parte_bucal,0,5,co_revisao|co_parte_bucal
public,tl_parte_bucal_proced,0,6,co_revisao|co_parte_bucal_proced
public,tl_pergunta,0,8,co_revisao|co_seq_pergunta
public,tl_pergunta_detalhe,0,7,co_revisao|co_pergunta_detalhe
public,tl_pessoa_fisica_imagem,0,8,co_revisao|co_seq_pessoa_fisica_imagem
public,tl_povo_comunidade_tradicional,0,5,co_revisao|co_povo_comunidade_tradicional
public,tl_pre_natal,2457,11,co_revisao|co_seq_pre_natal
public,tl_principio_ativo,0,7,co_revisao|co_principio_ativo
public,tl_problema,3496,11,co_revisao|co_seq_problema
public,tl_problema_evolucao,3496,17,co_revisao|co_seq_problema_evolucao
public,tl_proced_atributo_complem,0,6,co_revisao|co_proced|co_atributo_complem
public,tl_proced_automatico,0,7,co_revisao|co_seq_proced_automatico
public,tl_proced_cbo,0,6,co_revisao|co_cbo|co_proced
public,tl_proced_cds_proced,126779,4,co_revisao|co_cds_proced|co_proced
public,tl_proced_cid10,0,7,co_revisao|co_cid10|co_proced
public,tl_proced_exame_detalhe,0,5,co_revisao|co_seq_proced_exame_detalhe
public,tl_proced_exame_especifico,0,5,co_revisao|co_proced_exame_especifico
public,tl_proced_nome_popular,0,6,co_revisao|co_seq_proced_nome_popular
public,tl_proced_opcao_rapida_exame,0,5,co_seq_proced_opcao_rapida_exm|co_revisao
public,tl_proced_solicitado,0,11,co_revisao|co_seq_proced_solicitado
public,tl_proced_tipo_registro,0,6,co_revisao|co_proced|tp_registro
public,tl_prof,433,24,co_revisao|co_ator_papel
public,tl_prof_grupo_ativ_col,0,10,co_seq_prof_grupo|co_revisao
public,tl_prof_municipio,186,4,co_revisao|co_ator_papel|co_localidade
public,tl_prontuario,124943,9,co_revisao|co_seq_prontuario
public,tl_prontuario_grupo_historico,19321,6,co_seq_prontuario_grpo_hstrco|co_revisao
public,tl_prontuario_unidade_saude,0,6,co_revisao|co_seq_prontuario_unidade_saud
public,tl_qst_associacao_opcao_pergnt,0,4,co_revisao|co_qst_associacao_pergunta|co_qst_opcao_pergunta
public,tl_qst_associacao_pergunta,0,6,co_revisao|co_qst_associacao_pergunta
public,tl_qst_opcao_pergunta,776,6,co_revisao|co_qst_opcao_pergunta
public,tl_qst_opcao_tipo_pergunta,0,5,co_revisao|co_qst_opcao_tipo_pergunta
public,tl_qst_orientacao_prof,0,4,co_revisao|co_qst_orientacao_prof
public,tl_qst_pergunta,0,5,co_revisao|co_qst_pergunta
public,tl_qst_questionario,0,8,co_revisao|co_qst_questionario
public,tl_qst_questionario_pergunta,0,7,co_revisao|co_qst_questionario_pergunta
public,tl_qst_questionario_respondido,243,6,co_revisao|co_seq_qst_qst_respondido
public,tl_qst_resposta,2638,9,co_revisao|co_seq_qst_resposta
public,tl_qst_resposta_opcao_pergunta,849,4,co_revisao|co_qst_resposta|co_qst_opcao_pergunta
public,tl_receita,25,5,co_revisao|co_seq_receita
public,tl_receita_medicamento,10095,22,co_revisao|co_seq_receita_medicamento
public,tl_receita_tipo_frequencia,0,5,co_revisao|co_receita_tipo_frequencia
public,tl_recurso,13,5,co_revisao|co_seq_recurso
public,tl_registro_vacinacao,36566,17,co_revisao|co_seq_registro_vacinacao
public,tl_regulacao,0,11,
public,tl_regulacao_evolucao,0,9,
public,tl_renda_familiar,0,5,co_revisao|co_renda_familiar
public,tl_requisicao_exame,5699,10,co_revisao|co_seq_requisicao_exame
public,tl_resultado_exm_qualitativo,0,5,
public,tl_rl_cds_visita_dom_motivo,2006789,4,co_revisao|co_cds_visita_domiciliar|co_cds_visita_dom_motivo
public,tl_sextante,0,4,co_revisao|co_parte_bucal
public,tl_sinan_notificacao_evolucao,2,6,co_seq_sinan_notificacao_evol|co_revisao
public,tl_situacao_coroa,0,5,co_revisao|co_situacao_coroa
public,tl_situacao_face,0,5,co_revisao|co_situacao_face
public,tl_situacao_raiz,0,5,co_revisao|co_situacao_raiz
public,tl_tipo_atend_proced_automatic,0,4,co_revisao|co_proced_automatico|tp_atend
public,tl_tipo_consulta_odnt_prc_auto,0,4,co_revisao|co_proced_automatico|tp_consulta_odonto
public,tl_tipo_consulta_odonto,0,5,co_revisao|co_tipo_consulta_odonto
public,tl_tipo_edema,0,5,co_revisao|co_tipo_edema
public,tl_tipo_encam_odonto,0,5,co_revisao|co_tipo_encam_odonto
public,tl_tipo_encam_odonto_procd_aut,0,4,co_revisao|co_proced_automatico|tp_encam_odonto
public,tl_tipo_exame,0,6,co_revisao|co_tipo_exame
public,tl_tipo_fornec_odonto,0,5,co_revisao|co_tipo_fornec_odonto
public,tl_tipo_gravidez,0,5,co_revisao|co_tipo_gravidez
public,tl_tipo_localidade,0,6,co_revisao|co_tipo_localidade
public,tl_tipo_parte_bucal,0,5,co_revisao|co_tipo_parte_bucal
public,tl_tipo_perfil,0,4,co_revisao|co_tipo_perfil
public,tl_tipo_pergunta,0,4,co_revisao|co_tipo_pergunta
public,tl_tipo_registro,0,6,co_revisao|co_tipo_registro
public,tl_tipo_servico,0,7,co_revisao|co_tipo_servico
public,tl_titulo_patente,0,5,co_revisao|co_titulo_patente
public,tl_unidade_medida,0,7,co_revisao|co_unidade_medida
public,tl_unidade_medida_tempo,0,5,co_revisao|co_unidade_medida_tempo
public,tl_unidade_saude,129,25,co_revisao|co_ator_papel
public,tl_unidade_saude_complexidade,180,4,co_revisao|co_complexidade|co_ator_papel
public,tl_unidade_saude_horus,0,5,co_revisao|co_unidade_saude|co_unidade_saude_horus
public,tl_unidade_saude_tipo_servico,1161,4,co_revisao|co_ator_papel|tp_servico
public,tl_usuario,1040,11,co_revisao|co_seq_usuario
public,tl_vacinacao,28831,9,co_revisao|co_seq_vacinacao
